<?xml version="1.0" encoding="UTF-8"?>
<!DOCTYPE mapper
  PUBLIC "-//mybatis.org//DTD Mapper 3.0//EN"
  "http://mybatis.org/dtd/mybatis-3-mapper.dtd">
<mapper namespace="com.care.root.mybatis.member.MemberMapper">

	<resultMap type="com.care.root.member.dto.MemberDTO"
		id="member">
		<id property="id" column="id" />
		<result property="pw" column="pw" />
		<result property="addr" column="addr" />
	</resultMap>
	<select id="userChk" resultMap="member">
		select * from membership where
		id=#{id}
	</select>
	<select id="memberInfo" resultMap="member">
		select * from membership
	</select>
	<insert id="register">
		insert into membership values(#{id}, #{pw}, #{addr})
	</insert>
</mapper>